ACCION,S_0,Strike,VAnual61,Put,VDia1,DF
ALFAA,16.16,16.16,0.28586548,1.79042678,0.016569045,tstudent6
AMXL,15.33,15.33,0.230104024,1.37296767,0.013136174,tstudent6
BIMBOA,35.36,35.36,0.245784749,3.37711836,0.014542697,tstudent6
CEMEXCPO,7.16,7.16,0.236359903,0.65846471,0.01296123,normal
FEMSAUBD,181.49,181.49,0.184964675,13.13595889,0.010111312,normal
WALMEX,55.12,55.12,0.232514647,4.98432701,0.016792312,tstudent6